  sec.ms , 캩W       , 캩W       , 캩W       , 캩W       , gear      , -         , , rpm       , g/s       , mbar      ,, mbar      ,, mbar      ,, V         , V         , V         , V         , , , , 캜        , 캜        , 캜        , ms        , 캜        , km/h      , DK      , PED     , 캩W       
TIME,IgnitionRetardCyl1,IgnitionRetardCyl5,IgnitionRetardCyl3,IgnitionRetardCyl2,SelectedGear,AirFuelRatioDesired,WastegateDutyCycle,EngineSpeed,MassAirFlow,BoostPressureDesired,,BaroPressure,,BoostPressureActual,,KnockVoltageCyl1,KnockVoltageCyl5,KnockVoltageCyl3,KnockVoltageCyl2,EngineLoad_8,EngineLoadCorrected,EngineLoadSpecified,EGTModelBeforeCat,IntakeAirTemperature,IntakeAirTemperature,FuelInjectorOnTime,CoolantTemperature,VehicleSpeed,ThrottlePlateAngle,AccelPedalPosition,IgnitionTimingAngleOverall
852.614,0,0,0,0,2,0.978029,0,2720,11.2222,820,-0.096319736,826.641,11.98943574,1003.13,2.559761158,2.65626,2.96876,2.42188,3.12501,14.25,187.102,195.773,475,22.5,22.5,1.60267,90.75,50.9766,2.35294,10.0709,10.5
852.664,0,0,0,0,2,0.978029,0,2760,11.3889,820,-0.096319736,826.641,11.98943574,993.672,2.422584218,2.65626,2.96876,2.42188,3.12501,14.25,187.172,195.773,475,22.5,22.5,1.688,90.75,50.9844,3.13726,26.2592,38.25
852.714,0,0,0,0,2,0.982423,0,2760,26.8334,900,1.046985811,827.813,12.00643419,971.094,2.078118968,2.34376,2.96876,2.26563,2.81251,20.25,187.078,195.773,475,22.5,23.25,2.368,90.75,50.9609,11.7647,35.7915,37.5
852.764,0,0,0,0,2,0.982423,0,2560,53.8334,1060,3.367593811,827.813,12.00643419,953.594,1.824302468,2.34376,2.96876,2.26563,2.81251,39.75,187.5,195.773,475,22.5,23.25,3.88,90.75,50.8516,22.3529,38.4893,27.75
852.814,0,0,0,0,3,0.985841,0,2320,50.25,1140,4.527897811,827.813,12.00643419,966.016,2.004468671,2.18751,2.50001,2.03126,2.65626,56.25,182.086,188.203,475,23.25,23.25,4.13334,90.75,51.1797,33.7255,40.2868,22.5
852.864,0,0,0,0,3,0.985841,0,2160,38.1389,1240,5.978277811,827.813,12.00643419,982.813,2.248089,2.18751,2.50001,2.03126,2.65626,61.5,176.484,180.563,485,23.25,23.25,4.21867,90.75,51.2656,36.0784,43.3447,21
852.914,0,0,0,0,3,0.980714,0,2280,39.8056,1480,9.476188264,826.641,11.98943574,986.484,2.318330903,2.42188,3.12501,2.18751,3.12501,60,178.195,183.094,485,23.25,23.25,3.92534,90.75,51.2422,34.5098,53.5972,21.75
852.964,0,0,0,0,3,0.980714,0,2200,38,1940,16.14793626,826.641,11.98943574,993.828,2.424846811,2.42188,3.12501,2.18751,3.12501,58.5,176.742,181.313,485,23.25,23.25,3.872,90.75,51.2422,34.1177,64.5685,21.75
853.014,0,0,0,0,3,0.964357,0,2280,38.5556,2100,18.46854426,826.641,11.98943574,994.609,2.436174278,2.57813,3.20313,2.34376,3.12501,58.5,178.078,182.719,485,23.25,23.25,3.87734,90.75,51.375,34.1177,72.8419,21.75
853.064,0,0,0,0,3,0.964357,0,2280,41.25,2320,21.65938026,826.641,11.98943574,996.094,2.457712421,2.57813,3.20313,2.34376,3.12501,59.25,179.25,184.383,490,23.25,23.25,4.09601,90.75,51.5313,30.5882,84.8919,21.75
853.114,0,0,0,0,3,0.944826,0,2240,39.8334,2340,21.94945626,826.641,11.98943574,1000.86,2.526837532,2.73438,3.20313,2.34376,3.43751,59.25,177.281,182.016,490,23.25,23.25,4.12534,90.75,51.7266,30.9804,94.4257,23.25
853.164,0,0,0,0,3,0.944826,0,2320,42.2778,2300,21.36930426,826.641,11.98943574,1001.88,2.541631408,2.73438,3.20313,2.34376,3.43751,60,180.328,185.742,490,23.25,23.25,3.8,90.75,51.7578,33.7255,99.9999,25.5
853.214,0,0,0,0,3,0.927736,0,2280,42.1667,2340,21.94945626,826.641,11.98943574,1007.34,2.620822156,3.12501,3.59376,2.57813,3.59376,61.5,178.477,183.516,490,23.25,23.25,4.14401,90.75,52.2031,32.1569,99.9999,25.5
853.264,0,0,0,0,3,0.927736,0,2320,43.6945,2320,21.65938026,826.641,11.98943574,1009.84,2.657081656,3.12501,3.59376,2.57813,3.59376,62.25,180.891,186.398,490,23.25,23.25,4.12534,90.75,52.3516,32.9412,99.9999,25.5
853.314,0,0,0,0,3,0.914064,0,2320,44.3056,2340,21.93245781,827.813,12.00643419,1015.47,2.721739597,3.67188,4.21876,3.43751,3.90626,63.75,180.68,186.141,490,23.25,23.25,4.24534,90.75,52.5547,32.9412,99.9999,24.75
853.364,0,0,0,0,3,0.914064,0,2320,45.1389,2320,21.64238181,827.813,12.00643419,1019.61,2.781785329,3.67188,4.21876,3.43751,3.90626,64.5,181.125,186.703,490,23.25,23.25,4.30401,90.75,52.8125,30.9804,99.9999,24.75
853.414,0,0,0,0,3,0.903322,0,2360,46.1111,2320,21.65938026,826.641,11.98943574,1023.2,2.850852424,3.82813,4.21876,3.90626,4.37501,64.5,182.461,188.344,490,23.25,23.25,4.42667,90.75,52.9297,30.5882,99.9999,24
853.464,0,0,0,0,3,0.903322,0,2320,47.8334,2340,21.94945626,826.641,11.98943574,1027.34,2.910898156,3.82813,4.21876,3.90626,4.37501,66,181.711,187.43,495,23.25,23.25,4.40001,90.75,53.2422,32.1569,99.9999,23.25
853.514,0,0,0,0,3,0.894533,0,2400,48.3611,2320,21.65938026,826.641,11.98943574,1032.42,2.98457746,3.75001,4.53126,4.06251,4.06251,67.5,183.844,190.055,495,23.25,23.25,4.51201,90.75,53.5313,32.1569,99.9999,24
853.564,0,0,0,0,3,0.894533,0,2360,47.1667,2360,22.23953226,826.641,11.98943574,1038.2,3.068409424,3.75001,4.53126,4.06251,4.06251,67.5,182.766,188.719,495,23.25,23.25,4.59201,90.75,53.6016,31.7647,99.9999,24
853.614,0,0,0,0,3,0.887453,0,2400,49.0278,2340,21.94945626,826.641,11.98943574,1041.41,3.114966622,4.68751,4.84376,4.84376,4.53126,68.25,184.406,190.734,495,23.25,23.25,4.52534,90.75,54.0313,34.902,99.9999,24
853.664,0,0,0,0,3,0.887453,0,2400,49.5278,2360,22.23953226,826.641,11.98943574,1050.08,3.240714568,4.68751,5.62501,5.31251,4.84376,69.75,184.57,190.945,495,23.25,23.25,4.60001,90.75,54.2891,34.902,99.9999,23.25
853.714,0,0,0,0,3,0.880128,0,2400,49.9723,2360,22.23953226,826.641,11.98943574,1053.98,3.297279388,4.68751,5.62501,5.31251,4.84376,69.75,184.664,191.063,495,23.25,23.25,4.63201,90.75,54.5625,34.902,99.9999,23.25
853.764,0,0,0,0,3,0.880128,0,2440,50.9723,2360,22.23953226,826.641,11.98943574,1059.14,3.372118996,4.68751,5.62501,5.31251,4.84376,70.5,186.141,192.891,495,23.25,23.25,4.64001,90.75,54.75,34.902,99.9999,22.5
853.814,0,0,0,0,3,0.874513,0,2440,51.9445,2380,22.52960826,826.641,11.98943574,1064.53,3.450294478,5.00001,5.93752,5.62501,5.00001,72,185.742,192.422,495,23.25,23.25,4.78401,90.75,55.0313,34.902,99.9999,22.5
853.864,0,0,0,0,3,0.874513,0,2440,51.3334,2380,22.52960826,826.641,11.98943574,1067.81,3.497866942,5.00001,5.93752,5.62501,5.00001,71.25,187.219,194.25,500,23.25,23.25,4.68801,90.75,55.2969,34.902,99.9999,22.5
853.914,0,0,0,0,3,0.86841,0,2480,51.9445,2400,22.81968426,826.641,11.98943574,1074.77,3.59881339,5.15626,6.25002,5.31251,5.00001,72,187.523,194.648,500,23.25,23.25,4.74401,90.75,55.5313,34.902,99.9999,22.5
853.964,0,0,0,0,3,0.86841,0,2480,54.9445,2400,22.81968426,826.641,11.98943574,1078.91,3.658859122,5.15626,6.25002,5.31251,5.00001,72.75,187.805,194.977,500,23.25,23.25,4.76801,90.75,55.8594,35.6863,99.9999,22.5
854.014,0,0,0,0,3,0.863527,0,2480,54.9167,2400,22.81968426,826.641,11.98943574,1081.17,3.69163771,4.84376,6.25002,5.31251,5.31251,73.5,187.805,194.977,500,23.25,23.25,4.82134,90.75,56.1641,35.2941,99.9999,21.75
854.064,0,0,0,0,3,0.863527,0,2480,54.7778,2420,23.10976026,826.641,11.98943574,1092.11,3.850309282,4.84376,6.25002,5.31251,5.31251,73.5,188.414,195.773,505,23.25,23.25,4.85601,90.75,56.4063,35.2941,99.9999,21.75
854.114,0,0,0,0,3,0.859376,0,2520,55.5,2420,23.10976026,826.641,11.98943574,1093.36,3.868439032,4.84376,6.25002,5.31251,5.62501,73.5,188.32,195.773,505,23.25,23.25,4.84801,90.75,56.8047,35.2941,99.9999,22.5
854.164,0,0,0,0,3,0.859376,0,2520,55.4167,2420,23.10976026,826.641,11.98943574,1100.78,3.976057228,4.84376,6.25002,5.31251,5.62501,74.25,188.273,195.773,505,23.25,23.25,4.87467,90.75,56.9766,35.2941,99.9999,22.5
854.214,0,0,0,0,3,0.856447,0,2520,57.1112,2420,23.09276181,827.813,12.00643419,1105.08,4.021425115,5.15626,6.40627,5.31251,5.62501,75,188.25,195.773,505,23.25,23.25,4.91734,90.75,57.4375,35.6863,99.9999,21.75
854.264,0,0,0,0,3,0.856447,0,2560,57.6945,2420,23.09276181,827.813,12.00643419,1110.08,4.093944115,5.15626,6.40627,5.31251,5.62501,75.75,188.156,195.773,505,23.25,23.25,4.95467,90.75,57.6094,35.6863,99.9999,21.75
854.314,0,0,0,0,3,0.852296,0,2560,57.25,2400,22.81968426,826.641,11.98943574,1118.75,4.236690514,4.84376,6.40627,5.15626,5.78126,75.75,188.18,195.773,505,23.25,23.25,4.96534,90.75,58.0078,35.6863,99.9999,21.75
854.364,0,0,0,0,3,0.852296,0,2600,56.6945,2400,22.81968426,826.641,11.98943574,1122.5,4.291079764,4.84376,6.40627,5.15626,5.78126,75.75,188.063,195.773,505,23.25,23.25,4.95201,90.75,58.2344,35.6863,99.9999,21.75
854.414,0,0,0,0,3,0.848878,0,2600,57.6667,2400,22.81968426,826.641,11.98943574,1129.14,4.387384996,4.84376,6.40627,5.31251,5.93752,75.75,188.039,195.773,505,23.25,23.25,4.98401,90.75,58.5625,35.6863,99.9999,21.75
854.464,0,0,0,0,3,0.848878,0,2600,58.9723,2400,22.81968426,826.641,11.98943574,1130.86,4.412331532,4.84376,6.40627,5.31251,5.93752,76.5,187.992,195.773,510,23.25,23.25,5.00534,90.75,58.8828,35.6863,99.9999,21.75
854.514,0,0,0,0,3,0.846437,0,2640,59.5,2400,22.81968426,826.641,11.98943574,1137.5,4.508636764,5.15626,6.40627,5.15626,5.62501,75.75,187.922,195.773,510,23.25,23.25,4.99467,90.75,59.1328,35.6863,99.9999,21.75
854.564,0,0,0,0,3,0.846437,0,2640,58.5278,2400,22.81968426,826.641,11.98943574,1141.95,4.573178674,5.15626,6.40627,5.15626,5.62501,76.5,187.922,195.773,510,23.25,23.25,5.01334,90.75,59.4844,35.6863,99.9999,21.75
854.614,0,0,0,0,3,0.842775,0,2680,60.4445,2400,22.81968426,826.641,11.98943574,1147.11,4.648018282,5.31251,6.71877,4.84376,5.93752,77.25,187.805,195.773,510,23.25,23.25,5.07201,90.75,59.7969,35.6863,99.9999,21.75
854.664,0,0,0,0,3,0.842775,0,2640,61.7223,2400,22.81968426,826.641,11.98943574,1153.36,4.738667032,5.31251,6.71877,4.84376,5.93752,77.25,187.828,195.773,515,23.25,23.25,5.08801,90.75,60.1328,35.6863,99.9999,21.75
854.714,0,0,0,0,3,0.839845,0,2680,62.8612,2400,22.81968426,826.641,11.98943574,1159.06,4.821338692,5.46876,7.18752,5.31251,5.93752,78.75,187.734,195.773,515,23.25,23.25,5.16801,90.75,60.5469,35.6863,99.9999,21
854.764,0,0,0,0,3,0.839845,0,2680,64.4167,2400,22.81968426,826.641,11.98943574,1165.16,4.909811872,5.46876,7.18752,5.31251,5.93752,79.5,187.711,195.773,515,23.25,23.25,5.19201,90.75,60.8438,35.6863,99.9999,21
854.814,0,0,0,0,3,0.837404,0,2720,62.1667,2380,22.52960826,826.641,11.98943574,1171.64,5.003796496,5.46876,7.18752,5.15626,5.93752,79.5,187.641,195.773,515,23.25,23.25,5.21067,90.75,61.2344,35.6863,99.9999,21
854.864,0,0,0,0,3,0.837404,0,2720,64.3334,2380,22.52960826,826.641,11.98943574,1173.75,5.034399514,5.46876,7.18752,5.15626,5.93752,79.5,187.57,195.773,515,23.25,23.25,5.21601,90.75,61.375,35.6863,99.9999,21
854.914,0,0,0,0,3,0.833986,0,2720,63.9167,2380,22.52960826,826.641,11.98943574,1180.16,5.127368872,5.78126,7.18752,5.46876,5.93752,79.5,187.57,195.773,515,23.25,23.25,5.23467,90.75,61.7109,35.6863,99.9999,21
854.964,0,0,0,0,3,0.833986,0,2760,65.5556,2380,22.52960826,826.641,11.98943574,1183.98,5.182773388,5.78126,7.18752,5.46876,5.93752,80.25,187.547,195.773,515,23.25,23.25,5.24267,90.75,62,35.6863,99.9999,21
855.014,0,0,0,0,3,0.8313,0,2760,68.5001,2380,22.52960826,826.641,11.98943574,1190,5.270086264,5.93752,7.65627,5.78126,5.62501,81,187.453,195.773,515,23.25,23.25,5.31734,90.75,62.3672,35.6863,99.9999,21
855.064,0,0,0,0,3,0.8313,0,2800,66.7223,2380,22.52960826,826.641,11.98943574,1197.42,5.37770446,5.93752,7.65627,5.78126,5.62501,81.75,187.453,195.773,520,23.25,23.25,5.37601,90.75,62.7344,35.6863,99.9999,20.25
855.114,0,0,0,0,3,0.827638,0,2800,68.1112,2380,22.54773801,825.391,11.97130599,1200.78,5.444566978,5.93752,7.81252,5.62501,5.78126,82.5,187.359,195.773,520,23.25,23.25,5.41334,90.75,63.0938,35.6863,99.9999,20.25
855.164,0,0,0,0,3,0.827638,0,2800,67.8056,2380,22.54773801,825.391,11.97130599,1208.2,5.552185174,5.93752,7.81252,5.62501,5.78126,81.75,187.336,195.773,520,23.25,23.25,5.38401,90.75,63.4453,35.6863,99.9999,20.25
855.214,0,0,0,0,3,0.824464,0,2840,69.3889,2380,22.52960826,826.641,11.98943574,1212.34,5.594101156,5.78126,8.12502,5.93752,6.25002,82.5,187.266,195.773,520,23.25,23.25,5.44001,90.75,63.7031,35.6863,99.9999,20.25
855.264,0,0,0,0,3,0.824464,0,2840,68.0001,2380,22.52960826,826.641,11.98943574,1218.91,5.689391122,5.78126,8.12502,5.93752,6.25002,82.5,187.242,195.773,525,23.25,23.25,5.45334,90.75,64.1797,36.4706,99.9999,20.25
855.314,0,0,0,0,3,0.820558,0,2880,72.2501,2380,22.52960826,826.641,11.98943574,1225,5.777719264,5.62501,8.43752,6.25002,6.25002,83.25,187.148,195.773,525,23.25,23.25,5.49334,90.75,64.5156,37.6471,99.9999,20.25
855.364,0,0,0,0,3,0.820558,0,2880,72.5278,2360,22.23953226,826.641,11.98943574,1229.3,5.840085604,5.62501,8.43752,6.25002,6.25002,84.75,187.102,195.773,525,23.25,23.25,5.51467,90.75,64.9531,37.6471,99.9999,20.25
855.414,0,0,0,0,3,0.817384,0,2880,70.8889,2360,22.22253381,827.813,12.00643419,1238.13,5.951155705,5.62501,7.81252,6.09377,6.40627,84.75,187.031,195.773,525,23.25,23.25,5.52801,90.75,65.2422,37.6471,99.9999,19.5
855.464,0,0,0,0,3,0.817384,0,2920,72.1389,2360,22.22253381,827.813,12.00643419,1246.56,6.073422739,5.62501,7.81252,6.09377,6.40627,84,187.008,195.773,530,23.25,23.25,5.51734,90.75,65.6797,37.6471,99.9999,20.25
855.514,0,0,0,0,3,0.814943,0,2920,72.7501,2360,22.25766201,825.391,11.97130599,1249.38,6.149451658,5.78126,8.75002,6.40627,6.40627,84,186.938,195.773,530,23.25,23.25,5.51201,90.75,65.9609,37.6471,99.9999,20.25
855.564,0,0,0,0,3,0.814943,0,2920,72.5278,2360,22.25766201,825.391,11.97130599,1257.11,6.261566032,5.78126,8.75002,6.40627,6.40627,84,186.914,195.773,530,23.25,23.25,5.48001,90.75,66.3828,37.6471,99.9999,20.25
855.614,0,0,0,0,3,0.811281,0,2960,73.5556,2360,22.23953226,826.641,11.98943574,1267.97,6.40094755,6.09377,8.12502,6.87502,6.56252,84,186.844,195.773,530,23.25,23.25,5.53334,90.75,66.5391,37.6471,99.9999,20.25
855.664,0,0,0,0,3,0.811281,0,2960,75.1389,2360,22.23953226,826.641,11.98943574,1274.38,6.493916908,6.09377,8.12502,6.87502,6.56252,84.75,186.773,195.773,530,23.25,23.25,5.57067,90.75,67,37.6471,99.9999,19.5
855.714,0,0,0,0,3,0.808351,0,3000,75.4723,2360,22.23953226,826.641,11.98943574,1282.34,6.609367156,6.40627,8.12502,7.18752,6.25002,85.5,186.75,195.773,530,23.25,23.25,5.57601,90.75,67.2031,37.6471,99.9999,20.25
855.764,0,0,0,0,3,0.808351,0,3000,76.7778,2360,22.23953226,826.641,11.98943574,1285.63,6.657084658,6.40627,8.12502,7.18752,6.25002,86.25,187.383,196.406,530,23.25,23.25,5.59734,90.75,67.6875,37.6471,99.9999,19.5
855.814,0,0,0,0,3,0.806154,0,3040,77.1945,2360,22.23953226,826.641,11.98943574,1289.53,6.713649478,6.40627,7.81252,7.18752,6.40627,86.25,187.453,196.453,530,23.25,23.25,5.60267,90.75,67.9219,37.6471,99.9999,19.5
855.864,0,0,0,0,3,0.806154,0,3040,78.6945,2380,22.52960826,826.641,11.98943574,1300,6.865504264,6.40627,7.81252,7.18752,6.40627,86.25,188.391,197.273,535,23.25,23.25,5.56534,90.75,68.5391,37.6471,99.9999,19.5
855.914,0,0,0,0,3,0.8042,0,3040,78.2778,2380,22.52960826,826.641,11.98943574,1303.59,6.917572906,6.71877,8.12502,7.50002,6.40627,87,188.719,197.578,535,23.25,23.25,5.61067,90.75,68.7656,37.6471,99.9999,19.5
855.964,0,0,0,0,3,0.8042,0,3080,79.6945,2380,22.52960826,826.641,11.98943574,1313.28,7.058114728,6.71877,8.12502,7.50002,6.40627,87.75,189.422,198.211,535,23.25,23.25,5.64001,90.75,69.2813,37.6471,99.9999,19.5
856.014,0,0,0,0,3,0.802736,0,3080,81.0001,2380,22.52960826,826.641,11.98943574,1321.72,7.1805268,6.40627,8.12502,7.65627,6.56252,87.75,189.867,198.586,535,23.25,23.25,5.62401,90.75,69.6094,37.6471,99.9999,19.5
856.064,0,0,0,0,3,0.802736,0,3120,80.5834,2400,22.81968426,826.641,11.98943574,1326.95,7.256381674,6.40627,8.12502,7.65627,6.56252,88.5,190.359,199.055,540,23.25,23.25,5.61334,90.75,70.0938,37.6471,99.9999,18.75
856.114,0,0,0,0,3,0.801515,0,3120,84.6945,2400,22.81968426,826.641,11.98943574,1339.77,7.44232039,5.93752,8.43752,7.50002,7.03127,90,191.156,199.734,540,23.25,23.25,5.70134,90.75,70.4219,37.6471,99.9999,18.75
856.164,0,0,0,0,3,0.801515,0,3160,84.4167,2400,22.81968426,826.641,11.98943574,1345.16,7.520495872,5.93752,8.43752,7.50002,7.03127,90.75,191.648,200.18,540,23.25,23.25,5.73334,90.75,70.9219,38.4314,99.9999,19.5
856.214,0,0,0,0,3,0.800538,0,3160,86.7223,2400,22.81968426,826.641,11.98943574,1356.33,7.682503318,6.09377,9.06252,7.18752,6.56252,91.5,192.328,200.789,540,23.25,23.25,5.72267,90.75,71.2422,39.2157,99.9999,19.5
856.264,0,0,0,0,3,0.800538,0,3160,89.2223,2400,22.81968426,826.641,11.98943574,1366.8,7.834358104,6.09377,9.06252,7.18752,6.56252,93,192.797,201.211,545,23.25,23.25,5.81334,90.75,71.6953,39.2157,99.9999,18.75
856.314,0,0,0,0,3,0.799806,0,3200,88.3334,2400,22.81968426,826.641,11.98943574,1371.17,7.89773971,6.40627,9.37502,7.34377,6.71877,93.75,193.195,201.539,545,23.25,23.25,5.82401,90.75,72,39.2157,99.9999,18.75
856.364,0,0,0,0,3,0.799806,0,3200,90.9445,2400,22.81968426,826.641,11.98943574,1383.13,8.071205158,6.40627,9.37502,7.34377,6.71877,95.25,193.734,202.008,545,23.25,23.25,5.89867,90.75,72.4063,39.2157,99.9999,18.75
856.414,0,0,0,0,3,0.799318,0,3240,91.6945,2400,22.81968426,826.641,11.98943574,1385.94,8.111960836,6.56252,9.68752,7.81252,7.18752,95.25,194.414,202.617,545,23.25,23.25,5.94401,90.75,72.8672,39.2157,99.9999,18
856.464,0,0,0,0,3,0.799318,0,3280,92.5279,2420,23.10976026,826.641,11.98943574,1397.11,8.273968282,6.56252,9.68752,7.81252,7.18752,96,195.305,203.414,550,23.25,23.25,5.97334,90.75,73.3359,39.2157,99.9999,18
856.514,0,0,0,0,3,0.798829,0,3280,94.7223,2420,23.10976026,826.641,11.98943574,1407.42,8.42350246,6.87502,10,8.12502,7.50002,96.75,195.961,203.977,550,23.25,23.25,6.04801,90.75,73.7656,39.2157,99.9999,19.5
856.564,0,0,0,0,3,0.798829,0,3280,96.0556,2420,23.10976026,826.641,11.98943574,1422.66,8.644540372,6.87502,10,8.12502,7.50002,97.5,196.594,204.539,550,23.25,23.25,6.04001,90.75,74.1484,40,99.9999,19.5
856.614,0,0,0,0,3,0.798829,0,3320,95.889,2420,23.10976026,826.641,11.98943574,1430.47,8.75781505,7.03127,9.37502,8.75002,7.81252,98.25,197.063,204.938,550,23.25,23.25,6.07734,90.75,74.5703,40,99.9999,18.75
856.664,0,0,0,0,3,0.798341,0,3360,98.2779,2440,23.39983626,826.641,11.98943574,1450.08,9.042234568,7.03127,9.37502,8.75002,7.81252,99,197.906,205.688,555,23.25,23.25,6.13334,90.75,75.0703,40,99.9999,18.75
856.714,0,0,0,0,3,0.798341,0,3360,100.556,2440,23.39983626,826.641,11.98943574,1454.3,9.103440604,7.03127,9.06252,8.43752,7.81252,100.5,198.539,206.227,555,23.25,23.25,6.21334,90.75,75.4297,40,99.9999,18.75
856.764,0,0,0,0,3,0.798097,0,3360,100.861,2440,23.39983626,826.641,11.98943574,1467.42,9.29373046,7.03127,9.06252,8.43752,7.81252,102,199.102,206.742,555,23.25,23.25,6.25601,90.75,75.6953,40.3922,99.9999,18.75
856.814,0,0,0,0,3,0.798097,0,3400,103.806,2440,23.39983626,826.641,11.98943574,1479.61,9.470531782,6.87502,8.75002,9.37502,6.87502,102,199.805,207.328,555,23.25,23.25,6.30401,90.75,76.2813,40.3922,99.9999,18.75
856.864,0,0,0,0,3,0.797853,0,3400,102.417,2440,23.39983626,826.641,11.98943574,1491.33,9.640516318,6.87502,8.75002,9.37502,6.87502,102.75,200.32,207.797,555,23.25,23.25,6.35734,90.75,76.6406,40.3922,99.9999,18.75
856.914,0,0,0,0,3,0.797853,0,3440,106.306,2460,23.68991226,826.641,11.98943574,1499.38,9.757271908,7.34377,9.06252,9.06252,7.81252,104.25,201.234,208.57,565,23.25,23.25,6.38667,90.75,77.1484,40.7843,99.9999,18.75
856.964,0,0,0,0,3,0.797609,0,3440,108.472,2460,23.68991226,826.641,11.98943574,1511.88,9.938569408,7.34377,9.06252,9.06252,7.81252,105.75,201.797,209.133,565,23.25,23.25,6.48801,90.75,77.6484,40.7843,99.9999,18
857.014,0,0,0,0,3,0.797609,0,3480,109.417,2440,23.39983626,826.641,11.98943574,1525.39,10.13451575,7.65627,8.43752,8.75002,7.81252,106.5,201.656,209.742,565,23.25,23.25,6.58134,90.75,78.125,40.7843,99.9999,18
857.064,0,0,0,0,3,0.797609,0,3480,111.167,2440,23.39983626,826.641,11.98943574,1539.84,10.34409566,7.65627,8.43752,8.75002,7.81252,108,201.984,210.258,565,23.25,23.25,6.62401,90.75,78.5703,41.1765,99.9999,18
857.114,0,0,0,0,3,0.797609,0,3520,113.778,2440,23.39983626,826.641,11.98943574,1559.84,10.63417166,7.50002,8.12502,8.43752,8.75002,108,201.844,210.797,570,23.25,23.25,6.64801,90.75,79.2188,41.1765,99.9999,18.75
857.164,0,0,0,0,3,0.797365,0,3560,113.445,2440,23.39983626,826.641,11.98943574,1574.92,10.85288896,7.50002,8.12502,8.43752,8.75002,108.75,201.656,211.641,570,23.25,23.25,6.67734,90.75,79.6406,41.1765,99.9999,18.75
857.214,0,0,0,0,3,0.797365,0,3560,116.722,2420,23.10976026,826.641,11.98943574,1588.91,11.05579712,8.43752,8.43752,8.75002,9.06252,109.5,201.469,212.109,570,23.25,23.25,6.76001,90.75,80.1563,41.1765,99.9999,18
857.264,0,0,0,0,3,0.797365,0,3600,120.056,2420,23.10976026,826.641,11.98943574,1603.67,11.26987321,8.43752,8.43752,8.75002,9.06252,111.75,201.328,212.836,575,23.25,23.25,6.86134,90.75,80.4297,41.5686,99.9999,18
857.314,0,0,0,0,3,0.797365,0,3600,123.222,2440,23.39983626,826.641,11.98943574,1628.44,11.62913234,8.12502,9.06252,10,10,113.25,201.07,213.633,575,23.25,23.25,6.97068,90.75,80.9688,41.5686,99.9999,17.25
857.364,0,0,0,0,3,0.79712,0,3640,124.333,2440,23.39983626,826.641,11.98943574,1642.19,11.82855959,8.12502,9.06252,10,10,114.75,200.953,214.242,575,23.25,23.25,6.98134,90.75,81.2422,41.9608,99.9999,17.25
857.414,0,0,0,0,3,0.79712,0,3640,128.75,2440,23.38283781,827.813,12.00643419,1662.19,12.10163713,8.43752,10,10.3125,9.68752,117,200.719,214.852,575,23.25,23.25,7.11201,90.75,81.8125,41.9608,99.9999,16.5
857.464,0,0,0,0,3,0.79712,0,3680,132.389,2440,23.38283781,827.813,12.00643419,1687.73,12.47206418,8.43752,10,10.3125,9.68752,119.25,200.555,215.461,575,23.25,23.25,7.21868,90.75,82.1875,41.9608,99.9999,16.5
857.514,0,0,0,0,3,0.79712,0,3720,140.5,2440,23.38283781,827.813,12.00643419,1712.66,12.83364392,7.50002,10.3125,10.625,10.3125,122.25,200.344,216.281,585,23.25,23.25,7.37601,90.75,82.7266,41.9608,99.9999,15.75
857.564,0,0,0,0,3,0.79712,0,3720,138.528,2460,23.67291381,827.813,12.00643419,1741.33,13.24946786,7.50002,10.3125,10.625,10.3125,123.75,200.695,216.844,585,23.25,23.25,7.54134,90.75,83.1953,41.9608,99.9999,15.75
857.614,0,0,0,0,3,0.79712,0,3760,144.75,2460,23.68991226,826.641,11.98943574,1769.53,13.67547348,7.81252,10,10.3125,9.37502,127.5,200.344,218.063,585,23.25,23.25,7.68268,90.75,83.8203,42.353,99.9999,15.75
857.664,0,0,0,0,3,0.79712,0,3800,149.556,2460,23.68991226,826.641,11.98943574,1799.06,14.10377069,7.81252,10,10.3125,9.37502,130.5,200.367,217.992,595,23.25,23.25,7.83201,90.75,84.2422,42.7451,99.9999,15
857.714,0,0,0,0,3,0.79712,0,3840,148.861,2460,23.68991226,826.641,11.98943574,1831.72,14.5774648,8.12502,10.3125,11.5625,9.06252,131.25,200.156,219.68,595,23.25,23.25,7.90401,90.75,84.9922,42.7451,99.9999,15
857.764,0,0,0,0,3,0.79712,0,3840,157.417,2460,23.68991226,826.641,11.98943574,1865.94,15.07378484,8.12502,10.3125,11.5625,9.06252,135,200.156,219.961,595,23.25,23.25,8.07201,90.75,85.4531,42.7451,99.9999,14.25
857.814,0,0,0,0,3,0.79712,0,3880,158.889,2460,23.68991226,826.641,11.98943574,1898.2,15.54167742,7.81252,11.5625,9.37502,9.37502,137.25,200.156,220.922,595,23.25,23.25,8.23468,90.75,86.1797,42.7451,99.9999,14.25
857.864,0,0,0,0,3,0.796876,0,3880,161.361,2460,23.68991226,826.641,11.98943574,1943.13,16.19333316,7.81252,11.5625,9.37502,9.37502,138.75,200.648,221.836,605,23.25,23.25,8.30934,90.75,86.6484,43.1373,99.9999,13.5
857.914,0,0,0,0,3,0.796876,0,3920,161.611,2460,23.68991226,826.641,11.98943574,1983.05,16.77232485,8.75002,11.875,9.37502,9.68752,138.75,200.648,222.141,605,23.25,24,8.26401,90.75,87.3906,43.1373,99.9999,12.75
857.964,0,0,0,0,3,0.796876,0,3960,165.528,2500,24.27006426,826.641,11.98943574,2018.13,17.28111816,8.75002,11.875,9.37502,9.68752,139.5,203.25,223.313,605,23.25,24,8.33868,90.75,87.875,43.1373,99.9999,11.25
858.014,0,0,0,0,3,0.796876,0,3960,163.972,2540,24.85021626,826.641,11.98943574,2056.56,17.83849919,8.43752,11.875,12.8125,12.8125,140.25,205.992,224.063,605,24,24,8.33868,90.75,88.6328,43.5294,99.9999,12
858.064,0,0,0,0,3,0.796876,0,4040,166.5,2560,25.14029226,826.641,11.98943574,2087.97,18.29406355,8.43752,11.875,12.8125,12.8125,140.25,207.258,225.07,605,24,24,8.33068,90.75,89.0781,43.5294,99.9999,11.25
858.114,0,0,0,0,3,0.796876,0,4040,172.083,2560,25.14029226,826.641,11.98943574,2116.64,18.7098875,8.12502,12.5,13.125,13.75,141.75,207.891,225.609,615,24,24,8.45334,90.75,89.8594,43.9216,99.9999,11.25
858.164,0,0,0,0,3,0.796876,0,4080,175.945,2560,25.14029226,826.641,11.98943574,2117.97,18.72917755,8.12502,12.5,13.125,13.75,144.75,208.242,227.016,615,24,24,8.58134,90.75,90.3516,43.9216,99.9999,11.25
858.214,0,0,0,0,3,0.796876,0,4080,179.917,2580,25.43036826,826.641,11.98943574,2151.8,19.2198411,9.37502,12.8125,12.8125,13.125,147,208.219,226.922,615,24,24,8.71734,90.75,91.1172,43.9216,99.9999,10.5
858.264,0,0,0,0,3,0.796876,0,4120,179.611,2580,25.43036826,826.641,11.98943574,2169.22,19.4724973,9.37502,12.8125,12.8125,13.125,147.75,209.086,228.211,615,24,24,8.80001,90.75,91.6406,43.9216,99.9999,9.75
858.314,0,0,0,0,3,0.796876,0,4120,187.75,2580,25.43036826,826.641,11.98943574,2194.38,19.83741291,8.43752,14.375,13.4375,10.9375,151.5,209.32,229.242,630,24,24,8.94668,90.75,92.2188,43.9216,99.9999,9
858.364,0,0,0,0,3,0.796876,0,4200,187.75,2580,25.43036826,826.641,11.98943574,2228.44,20.33141234,8.43752,14.375,13.4375,10.9375,153,209.391,229.781,630,24,24,9.07734,90.75,93.0859,44.3137,99.9999,8.25
858.414,0,0,0,0,3,0.796876,0,4200,195.083,2580,25.43036826,826.641,11.98943574,2254.22,20.7053203,8.12502,15,15.625,11.25,155.25,209.672,230.695,630,24,24,9.22134,90.75,93.5859,44.3137,99.9999,7.5
858.464,0,0,0,0,3,0.796876,0,4240,197.333,2580,25.43036826,826.641,11.98943574,2289.84,21.22194566,8.12502,15,15.625,11.25,158.25,209.742,230.977,630,24,24,9.40268,90.75,94.3906,44.7059,99.9999,6.75
858.514,0,0,0,0,3,0.796876,0,4280,204.389,2580,25.43036826,826.641,11.98943574,2313.67,21.56757121,8.43752,13.75,13.4375,12.1875,161.25,210.211,232.828,645,24,24,9.59201,90.75,94.875,44.7059,99.9999,6
858.564,0,0,0,0,3,0.796876,0,4320,209.111,2580,25.43036826,826.641,11.98943574,2356.09,22.18282241,8.43752,13.75,13.4375,12.1875,164.25,210.234,232.945,645,24,24,9.81068,90.75,95.6484,44.7059,99.9999,5.25
858.614,0,0,0,0,3,0.796876,0,4360,215.611,2580,25.43036826,826.641,11.98943574,2392.11,22.70524928,7.81252,16.25,11.875,15,165.75,210.633,234.539,645,24,24,9.92801,90.75,96.2031,44.7059,99.9999,4.5
858.664,0,0,0,0,3,0.796876,0,4320,215.028,2580,25.43036826,826.641,11.98943574,2415.47,23.04405805,7.81252,16.25,11.875,15,166.5,210.703,234.82,645,24,24,10.048,90.75,96.7734,45.0981,99.9999,3.75
858.714,0,0,0,0,3,0.796876,0,4400,221.445,2580,25.43036826,826.641,11.98943574,2446.8,23.4984621,7.81252,16.25,11.875,15,169.5,210.914,236.391,660,24,24,10.1973,90.75,97.5859,45.0981,99.9999,3.75
858.764,0,0,0,0,3,0.796876,0,4400,226.222,2580,25.43036826,826.641,11.98943574,2479.77,23.97665239,8.75002,15.625,13.75,11.875,191.25,211.078,236.602,660,24,24,11.6213,90.75,98.1328,45.0981,99.9999,3
858.814,0,0,0,0,3,0.796876,0,4400,235.056,2580,25.43036826,826.641,11.98943574,2515.16,24.48994187,8.75002,15.625,13.75,11.875,191.25,210.984,235.992,660,24,24,11.7813,90.75,98.9609,45.4902,99.9999,-2.25
858.864,0,0,0,0,3,0.742189,0,4480,238.778,2580,25.43036826,826.641,11.98943574,2558.52,25.11882664,9.37502,13.125,11.875,11.25,191.25,211.711,239.227,660,24,24,12.7733,90.75,99.4766,45.4902,99.9999,-2.25
858.914,0,0,0,0,3,0.742189,0,4440,240.778,2600,25.72044426,826.641,11.98943574,2580.08,25.43152857,9.37502,13.125,11.875,11.25,191.25,211.406,237.68,675,24,24,12.8773,90.75,99.9297,45.4902,99.9999,-2.25
858.964,0,0,0,0,3,0.734376,0,4520,242.834,2600,25.72044426,826.641,11.98943574,2625.94,26.09667284,9.37502,10.625,11.875,9.06252,191.25,211.406,237.68,675,23.25,23.25,13.2507,90.75,100.758,45.8824,99.9999,-2.25
859.014,0,0,0,0,3,0.734376,0,4520,252.417,2600,25.72044426,826.641,11.98943574,2667.11,26.69379428,9.37502,10.625,11.875,9.06252,191.25,211.922,239.813,675,23.25,23.25,13.3974,90.75,101.289,45.8824,99.9999,-3
859.064,0,0,0,0,3,0.734376,0,4560,244.917,2600,25.72044426,826.641,11.98943574,2687.97,26.99634355,9.06252,11.25,10.9375,8.43752,191.25,211.922,239.813,675,23.25,23.25,13.6,90.75,101.805,45.8824,99.9999,-2.25
859.114,0,0,0,0,3,0.734376,0,4600,249.667,2600,25.72044426,826.641,11.98943574,2695.94,27.11193884,9.06252,11.25,10.9375,8.43752,191.25,212.836,241.734,690,23.25,23.25,13.6134,90.75,102.297,45.8824,99.9999,-3
859.164,0,0,0,0,3,0.726564,0,4560,248.861,2600,25.73857401,825.391,11.97130599,2705.23,27.26480889,8.43752,10.625,11.5625,8.43752,191.25,212.906,240.938,690,23.25,23.25,13.8667,90.75,102.961,46.2745,99.9999,-3
859.214,0,0,0,0,3,0.726564,0,4640,254,2600,25.73857401,825.391,11.97130599,2722.5,27.51528951,8.43752,10.625,11.5625,8.43752,191.25,212.977,242.531,690,23.25,23.25,13.8587,90.75,103.461,46.2745,99.9999,-3
859.264,0,0,0,0,3,0.726564,0,4600,256.417,2600,25.72044426,826.641,11.98943574,2723.13,27.50629716,9.06252,10.3125,9.37502,7.18752,191.25,213.164,242.344,690,23.25,23.25,13.9814,90.75,104.086,46.2745,99.9999,-3
859.314,0,0,0,0,3,0.726564,0,4680,258.056,2600,25.72044426,826.641,11.98943574,2713.91,27.37257212,9.06252,10.3125,9.37502,7.18752,191.25,213.422,243.727,700,23.25,23.25,13.8987,90.75,104.531,46.2745,99.9999,-3
859.364,0,0,0,0,3,0.726564,0,4640,258.445,2600,25.73857401,825.391,11.97130599,2749.06,27.90051044,10,9.06252,8.43752,8.12502,191.25,213.469,244.383,700,23.25,23.25,14.0854,90.75,105.195,46.2745,99.9999,-3
859.414,0,0,0,0,3,0.726564,0,4720,258.056,2600,25.73857401,825.391,11.97130599,2710.39,27.3396485,10,9.06252,8.43752,8.12502,191.25,213.75,245.484,700,23.25,23.25,14.032,90.75,105.609,46.6667,99.9999,-3
859.464,0,0,0,0,3,0.726564,0,4680,259.028,2600,25.72044426,826.641,11.98943574,2718.83,27.44393082,9.68752,8.43752,9.06252,7.50002,191.25,213.727,244.922,700,23.25,23.25,13.9174,90.75,106.039,46.6667,99.9999,-3
859.514,0,0,0,0,3,0.718751,0,4760,262.917,2600,25.72044426,826.641,11.98943574,2742.81,27.79173194,9.68752,8.43752,9.06252,7.50002,191.25,214.125,246.586,700,23.25,23.25,14.1174,90.75,106.477,46.6667,99.9999,-3
859.564,0,0,0,0,3,0.718751,0,4760,263.722,2600,25.72044426,826.641,11.98943574,2750.23,27.89935014,9.68752,8.43752,9.06252,7.50002,191.25,214.219,246.961,715,23.25,23.25,14.2294,90.75,107.063,46.6667,99.9999,-2.25
859.614,0,0,0,0,3,0.718751,0,4800,259.278,2600,25.72044426,826.641,11.98943574,2728.36,27.58215203,9.06252,8.43752,10.3125,7.18752,191.25,214.289,247.219,715,23.25,23.25,14.1147,90.75,107.492,47.0588,99.9999,-2.25
859.664,0,0,0,0,3,0.718751,0,4760,262.111,2600,25.72044426,826.641,11.98943574,2726.02,27.54821314,9.06252,8.43752,10.3125,7.18752,191.25,214.219,246.75,715,23.25,23.25,14.1174,90.75,107.922,47.0588,96.2233,-2.25
859.714,0,0,0,0,3,0.718751,0,4840,263.306,1420,8.624090014,825.391,11.97130599,2740.78,27.78041898,9.68752,8.43752,10.3125,8.43752,191.25,214.898,249.68,715,22.5,22.5,13.2747,90.75,108.539,47.0588,28.957,-1.5
859.764,0,0,0,0,3,0.718751,0,4760,196.917,1100,3.982874014,825.391,11.97130599,2724.3,27.54139635,9.68752,8.43752,10.3125,8.43752,182.25,214.898,249.68,725,22.5,22.5,10.5973,90.75,108.867,30.9804,0,-8.25
859.814,0,0,0,0,3,0.838624,0,4920,116.639,820,-0.096319736,826.641,11.98943574,2459.06,23.67627869,10,9.06252,10.3125,7.81252,113.25,214.078,246.328,725,22.5,22.5,6.01067,90.75,109.352,19.6078,0,-3.75
859.864,0,0,0,0,3,0.838624,0,4760,83.3612,820,-0.096319736,826.641,11.98943574,2333.05,21.84865485,10,9.06252,10.3125,7.81252,83.25,215.273,250.781,725,22.5,22.5,4.65334,90.75,109.773,12.9412,0,0
859.914,0,0,0,0,3,0.838624,0,4840,31.4722,820,-0.078189986,825.391,11.97130599,2218.2,20.20102317,8.12502,7.81252,8.43752,6.87502,54,214.195,246.867,725,21.75,21.75,1.73867,90.75,110.047,8.2353,0,3.75
859.964,0,0,0,0,3,0.870851,0,4800,13,820,-0.078189986,825.391,11.97130599,2034.38,17.53493466,8.12502,7.81252,8.43752,6.87502,29.25,214.898,249.727,665,21.75,21.75,1.608,90.75,110.313,5.88235,0,19.5
